Product code;Language;Product id;Category;List price;Price;Weight;Quantity;Min quantity;Shipping freight;Date added;Downloadable;Files;Ship downloadable;Inventory tracking;Free shipping;Zero price action;Thumbnail;Detailed image;Description;Meta keywords;Meta description;Search words;Page title;Taxes;Features;Options;Secondary categories;Pay by points;Override points;Override exchange rate;SEO name;Short description;Status;Popularity
"";"en";"291";"Healthy Snacks";"0.00";"164.40";"0.000";"100";"1";"0.00";"21 Aug 2019 15:45:01";"N";"";"N";"B";"N";"P";"";"exim/backup/images/ajonjoli.jpg#{[ar]:ajonjoli,ajonjolí organico, ajonjoli natural, semillas de ajonjolí;[de]:ajonjoli,ajonjolí organico, ajonjoli natural, semillas de ajonjolí;[en]:ajonjoli,ajonjolí organico, ajonjoli natural, semillas de ajonjolí;[es]:;[ja]:ajonjoli,ajonjolí organico, ajonjoli natural, semillas de ajonjolí;}";"<h1>Semillas de Ajonjolí Naturales</h1>";"healthy snacks, snack saludable, ajonjolí, orgánico, natural, mayoreo, menudeo";"Venta en linea, online de semillas de ajonjolí al mayoreo y/o menudeo";"ajonjolí, semillas de ajonjolí, ajonjolí orgánico, ajonjolí natural";"Ajonjolí";"IVA";"";"(SoCool) Presentación: SG[1KG,500G,250G]///inventory=Y///missing_variants_handling=M///multiupload=N///required=Y///status=A";"";"N";"N";"N";"";"";"A";"114"
"";"en";"292";"Healthy Snacks";"0.00";"181.50";"0.000";"100";"1";"0.00";"21 Aug 2019 15:45:01";"N";"";"N";"B";"N";"R";"";"exim/backup/images/ajonjoli_endulzado.jpg#{[ar]:semillas de ajonjoli endulzado, ajonjoli endulzado, ajonjoli;[de]:semillas de ajonjoli endulzado, ajonjoli endulzado, ajonjoli;[en]:semillas de ajonjoli endulzado, ajonjoli endulzado, ajonjoli;[es]:;[ja]:semillas de ajonjoli endulzado, ajonjoli endulzado, ajonjoli;}";"<h1>Semillas de Ajonjolí Endulzado</h1>";"healthy snacks, snack saludable, ajonjolí, orgánico, natural, ajonjoli endulzado, mayoreo, menudeo";"Venta en línea, online de ajonjolí endulzado mayoreo y/o menudeo";"";"";"";"";"";"";"N";"N";"N";"";"";"A";"59"
"";"en";"293";"Healthy Snacks";"0.00";"227.40";"0.000";"100";"1";"0.00";"21 Aug 2019 15:45:01";"N";"";"N";"B";"N";"R";"";"exim/backup/images/ajonjoli_natural_sin_cuticula.jpg#{[ar]:semillas de ajonjoli sin cuticula, ajonjoli sin cuticula, ajonjoli sin cascara, semillas de ajonjoli sin cascara;[de]:semillas de ajonjoli sin cuticula, ajonjoli sin cuticula, ajonjoli sin cascara, semillas de ajonjoli sin cascara;[en]:semillas de ajonjoli sin cuticula, ajonjoli sin cuticula, ajonjoli sin cascara, semillas de ajonjoli sin cascara;[es]:;[ja]:semillas de ajonjoli sin cuticula, ajonjoli sin cuticula, ajonjoli sin cascara, semillas de ajonjoli sin cascara;}";"<h1>Semillas de Ajonjolí Natural sin Cutícula</h1>";"healthy snacks, snack saludable, ajonjolí, orgánico, natural, ajonjoli sin cuticula, ajonjoli sin cascara, mayoreo, menudeo";"Venta en línea, online de ajonjolí natural sin cutícula / cáscara mayoreo y/o menudeo";"";"";"";"";"";"";"N";"N";"N";"";"";"A";"15"
"";"en";"294";"Healthy Snacks";"0.00";"675.50";"0.000";"100";"1";"0.00";"21 Aug 2019 15:45:01";"N";"";"N";"B";"N";"R";"";"exim/backup/images/almendra_blanca.jpg#{[ar]:almendra blanca, almendra sin cuticula, almendra sin cascara, almendra limpia;[de]:almendra blanca, almendra sin cuticula, almendra sin cascara, almendra limpia;[en]:almendra blanca, almendra sin cuticula, almendra sin cascara, almendra limpia;[es]:;[ja]:almendra blanca, almendra sin cuticula, almendra sin cascara, almendra limpia;}";"<h1>Almendra Blanca<span id=""selection-marker-1"" class=""redactor-selection-marker""></span></h1>";"healthy snacks, snack saludable, almendra, orgánico, natural, mayoreo, menudeo, almendra sin cascara, almendra sin cuticula, almendra blanca";"";"";"";"";"";"";"";"N";"N";"N";"";"";"A";"27"
"";"en";"296";"Healthy Snacks";"0.00";"647.40";"0.000";"100";"1";"0.00";"21 Aug 2019 15:45:01";"N";"";"N";"B";"N";"R";"";"exim/backup/images/almendra_en_bastones.jpg#{[ar]:;[de]:;[en]:;[es]:;[ja]:;}";"<h1>Almendra en Bastones</h1>";"";"";"";"";"";"";"";"";"N";"N";"N";"";"";"A";"50"
"";"en";"297";"Healthy Snacks";"0.00";"615.90";"0.000";"100";"1";"0.00";"21 Aug 2019 15:45:01";"N";"";"N";"B";"N";"R";"";"exim/backup/images/almendra_fileteada_con_cuticula.jpg#{[ar]:;[de]:;[en]:;[es]:;[ja]:;}";"<h1>Almendra Fileteada con Cutícula</h1>";"";"";"";"";"";"";"";"";"N";"N";"N";"";"";"A";"9"
"";"en";"298";"Healthy Snacks";"0.00";"644.10";"0.000";"100";"1";"0.00";"21 Aug 2019 15:45:01";"N";"";"N";"B";"N";"R";"";"exim/backup/images/almendra_fileteada_sin_cuticula.jpg#{[ar]:;[de]:;[en]:;[es]:;[ja]:;}";"<h1>Almendra Fileteada sin Cutícula</h1>";"";"";"";"";"";"";"";"";"N";"N";"N";"";"";"A";"6"
"";"en";"299";"Healthy Snacks";"0.00";"598.50";"0.000";"100";"1";"0.00";"21 Aug 2019 15:45:01";"N";"";"N";"B";"N";"R";"";"exim/backup/images/almendra_natural.jpg#{[ar]:;[de]:;[en]:;[es]:;[ja]:;}";"<h1>Almendra Natural</h1>";"";"";"";"";"";"";"";"";"N";"N";"N";"";"";"A";"0"
"";"en";"300";"Healthy Snacks";"0.00";"94.50";"0.000";"100";"1";"0.00";"21 Aug 2019 15:45:01";"N";"";"N";"B";"N";"R";"";"exim/backup/images/alpiste.jpg#{[ar]:;[de]:;[en]:;[es]:;[ja]:;}";"<h1>Alpiste</h1>";"";"";"";"";"";"";"";"";"N";"N";"N";"";"";"A";"43"
"";"en";"301";"Healthy Snacks";"0.00";"134.10";"0.000";"100";"1";"0.00";"21 Aug 2019 15:45:01";"N";"";"N";"B";"N";"R";"";"exim/backup/images/amaranto_endulzado.jpg#{[ar]:;[de]:;[en]:;[es]:;[ja]:;}";"<h1>Amaranto Endulzado</h1>";"";"";"";"";"";"";"";"";"N";"N";"N";"";"";"A";"3"
"";"en";"302";"Healthy Snacks";"0.00";"175.20";"0.000";"100";"1";"0.00";"21 Aug 2019 15:45:01";"N";"";"N";"B";"N";"R";"";"exim/backup/images/amaranto_premium_horneado.jpg#{[ar]:;[de]:;[en]:;[es]:;[ja]:;}";"<h1>Amaranto Premium Horneado</h1>";"";"";"";"";"";"";"";"";"N";"N";"N";"";"";"A";"0"
"";"en";"303";"Healthy Snacks";"0.00";"124.20";"0.000";"100";"1";"0.00";"21 Aug 2019 15:45:01";"N";"";"N";"B";"N";"R";"";"exim/backup/images/amaranto_natural.jpg#{[ar]:;[de]:;[en]:;[es]:;[ja]:;}";"<h1>Amaranto Natural</h1>";"";"";"";"";"";"";"";"";"N";"N";"N";"";"";"A";"3"
"";"en";"305";"Healthy Snacks";"0.00";"770.10";"0.000";"100";"1";"0.00";"21 Aug 2019 15:45:01";"N";"";"N";"B";"N";"R";"";"exim/backup/images/avellana_sin_cascara.jpg#{[ar]:;[de]:;[en]:;[es]:;[ja]:;}";"<h1>Avellana sin Cutícula</h1>";"";"";"";"";"";"";"";"";"N";"N";"N";"";"";"A";"0"
"";"en";"306";"Healthy Snacks";"0.00";"220.50";"0.000";"100";"1";"0.00";"21 Aug 2019 15:45:01";"N";"";"N";"B";"N";"R";"";"exim/backup/images/ciruela_pasa_sin_hueso.jpg#{[ar]:;[de]:;[en]:;[es]:;[ja]:;}";"<h1>Ciruela Pasa sin Hueso</h1>";"";"";"";"";"";"";"";"";"N";"N";"N";"";"";"A";""
"";"en";"308";"Healthy Snacks";"0.00";"155.70";"0.000";"100";"1";"0.00";"21 Aug 2019 15:45:01";"N";"";"N";"B";"N";"R";"";"exim/backup/images/coco_rallado_fino.jpg#{[ar]:;[de]:;[en]:;[es]:;[ja]:;}";"<h1>Coco Rallado Fino</h1>";"";"";"";"";"";"";"";"";"N";"N";"N";"";"";"A";"3"
"";"en";"309";"Healthy Snacks";"0.00";"300.90";"0.000";"100";"1";"0.00";"21 Aug 2019 15:45:01";"N";"";"N";"B";"N";"R";"";"exim/backup/images/cranberries_arandanos.jpg#{[ar]:;[de]:;[en]:;[es]:;[ja]:;}";"<h1>Arándanos</h1>";"";"";"";"";"";"";"";"";"N";"N";"N";"";"";"A";"0"
"";"en";"310";"Healthy Snacks";"0.00";"188.10";"0.000";"100";"1";"0.00";"21 Aug 2019 15:45:02";"N";"";"N";"B";"N";"R";"";"exim/backup/images/datil_con_hueso.jpg#{[ar]:;[de]:;[en]:;[es]:;[ja]:;}";"<h1>Dátil</h1>";"";"";"";"";"";"";"";"";"N";"N";"N";"";"";"A";""
"";"en";"311";"Healthy Snacks";"0.00";"312.90";"0.000";"100";"1";"0.00";"21 Aug 2019 15:45:02";"N";"";"N";"B";"N";"R";"";"exim/backup/images/datil_sin_hueso.jpg#{[ar]:;[de]:;[en]:;[es]:;[ja]:;}";"<h1>Dátil sin Hueso</h1>";"";"";"";"";"";"";"";"";"N";"N";"N";"";"";"A";""
"";"en";"312";"Healthy Snacks";"0.00";"428.40";"0.000";"100";"1";"0.00";"21 Aug 2019 15:45:02";"N";"";"N";"B";"N";"R";"";"exim/backup/images/mezcla_de_frutas_secas_y_semillas.jpg#{[ar]:;[de]:;[en]:;[es]:;[ja]:;}";"<h1>Mezcla de Frutos Secos y Semillas</h1>";"";"";"";"";"";"";"";"";"N";"N";"N";"";"";"A";""
"";"en";"313";"Healthy Snacks";"0.00";"484.50";"0.000";"100";"1";"0.00";"21 Aug 2019 15:45:02";"N";"";"N";"B";"N";"R";"";"exim/backup/images/mezcla_de_frutas_secas_y_semillas_con_coco.jpg#{[ar]:;[de]:;[en]:;[es]:;[ja]:;}";"<h1>Mezcla de Frutos Secos y Semillas con Coco</h1>";"";"";"";"";"";"";"";"";"N";"N";"N";"";"";"A";"6"
"";"en";"314";"Healthy Snacks";"0.00";"219.30";"0.000";"100";"1";"0.00";"21 Aug 2019 15:45:02";"N";"";"N";"B";"N";"R";"";"exim/backup/images/granola_premium_5.jpg#{[ar]:;[de]:;[en]:;[es]:;[ja]:;}";"<h1>Granola Premium</h1>";"";"";"";"";"";"";"";"";"N";"N";"N";"";"";"A";""
"";"en";"316";"Healthy Snacks";"0.00";"630.00";"0.000";"100";"1";"0.00";"21 Aug 2019 15:45:02";"N";"";"N";"B";"N";"R";"";"exim/backup/images/higo_turco.jpg#{[ar]:;[de]:;[en]:;[es]:;[ja]:;}";"<h1>Higo Turco</h1>";"";"";"";"";"";"";"";"";"N";"N";"N";"";"";"A";"0"
"";"en";"317";"Healthy Snacks";"0.00";"795.60";"0.000";"100";"1";"0.00";"21 Aug 2019 15:45:02";"N";"";"N";"B";"N";"R";"";"exim/backup/images/mezcla_premium_de_semillas.jpg#{[ar]:;[de]:;[en]:;[es]:;[ja]:;}";"<h1>Mezcla Premium de Semillas</h1>";"";"";"";"";"";"";"";"";"N";"N";"N";"";"";"A";""
"";"en";"318";"Healthy Snacks";"0.00";"708.60";"0.000";"100";"1";"0.00";"21 Aug 2019 15:45:02";"N";"";"N";"B";"N";"R";"";"exim/backup/images/mezcla_mediterranea.jpg#{[ar]:;[de]:;[en]:;[es]:;[ja]:;}";"<h1>Mezcla Mediterránea</h1>";"";"";"";"";"";"";"";"";"N";"N";"N";"";"";"A";""
"";"en";"319";"Healthy Snacks";"0.00";"544.40";"0.000";"100";"1";"0.00";"21 Aug 2019 15:45:02";"N";"";"N";"B";"N";"R";"";"exim/backup/images/mezcla_de_arandanos_y_nueces.jpg#{[ar]:;[de]:;[en]:;[es]:;[ja]:;}";"<h1>Mezcla de Arándanos y Nueces</h1>";"";"";"";"";"";"";"";"";"N";"N";"N";"";"";"A";""
"";"en";"320";"Healthy Snacks";"0.00";"187.20";"0.000";"100";"1";"0.00";"21 Aug 2019 15:45:02";"N";"";"N";"B";"N";"R";"";"exim/backup/images/mezcla_verde_premium.jpg#{[ar]:;[de]:;[en]:;[es]:;[ja]:;}";"<h1>Mezcla Verde Premium</h1>";"";"";"";"";"";"";"";"";"N";"N";"N";"";"";"A";""
"";"en";"321";"Healthy Snacks";"0.00";"507.60";"0.000";"100";"1";"0.00";"21 Aug 2019 15:45:02";"N";"";"N";"B";"N";"R";"";"exim/backup/images/nopal_deshidratado.jpg#{[ar]:;[de]:;[en]:;[es]:;[ja]:;}";"<h1>Nopal Deshidratado</h1>";"";"";"";"";"";"";"";"";"N";"N";"N";"";"";"A";""
"";"en";"322";"Healthy Snacks";"0.00";"147.00";"0.000";"100";"1";"0.00";"21 Aug 2019 15:45:02";"N";"";"N";"B";"N";"R";"";"exim/backup/images/nopal_deshidratado_en_polvo.jpg#{[ar]:;[de]:;[en]:;[es]:;[ja]:;}";"<h1>Nopal Deshidratado en Polvo</h1>";"";"";"";"";"";"";"";"";"N";"N";"N";"";"";"A";""
"";"en";"323";"Healthy Snacks";"0.00";"141.00";"0.000";"100";"1";"0.00";"21 Aug 2019 15:45:02";"N";"";"N";"B";"N";"R";"";"exim/backup/images/nopalinaza.jpg#{[ar]:;[de]:;[en]:;[es]:;[ja]:;}";"<h1>Nopalinaza</h1>";"";"";"";"";"";"";"";"";"N";"N";"N";"";"";"A";""
"";"en";"324";"Healthy Snacks";"0.00";"615.00";"0.000";"100";"1";"0.00";"21 Aug 2019 15:45:02";"N";"";"N";"B";"N";"R";"";"exim/backup/images/nuez_corazon.jpg#{[ar]:;[de]:;[en]:;[es]:;[ja]:;}";"<h1>Nuez</h1>";"";"";"";"";"";"";"";"";"N";"N";"N";"";"";"A";""
"";"en";"325";"Healthy Snacks";"0.00";"354.90";"0.000";"100";"1";"0.00";"21 Aug 2019 15:45:02";"N";"";"N";"B";"N";"R";"";"exim/backup/images/nuez_en_polvo.jpg#{[ar]:;[de]:;[en]:;[es]:;[ja]:;}";"<h1>Nuez en Polvo</h1>";"";"";"";"";"";"";"";"";"N";"N";"N";"";"";"A";""
"";"en";"326";"Healthy Snacks";"0.00";"507.00";"0.000";"100";"1";"0.00";"21 Aug 2019 15:45:02";"N";"";"N";"B";"N";"R";"";"exim/backup/images/nuez_triturada_no_5.jpg#{[ar]:;[de]:;[en]:;[es]:;[ja]:;}";"<h1>Nuez Triturada</h1>";"";"";"";"";"";"";"";"";"N";"N";"N";"";"";"A";""
"";"en";"327";"Healthy Snacks";"0.00";"926.10";"0.000";"100";"1";"0.00";"21 Aug 2019 15:45:02";"N";"";"N";"B";"N";"R";"";"exim/backup/images/nuez_de_la_india.jpg#{[ar]:;[de]:;[en]:;[es]:;[ja]:;}";"<h1>Nuez de la India</h1>";"";"";"";"";"";"";"";"";"N";"N";"N";"";"";"A";"3"
"";"en";"328";"Healthy Snacks";"0.00";"1155.00";"0.000";"100";"1";"0.00";"21 Aug 2019 15:45:02";"N";"";"N";"B";"N";"R";"";"exim/backup/images/nuez_macadamia_entera.jpg#{[ar]:;[de]:;[en]:;[es]:;[ja]:;}";"<h1>Nuez Macadamia/h1>";"";"";"";"";"";"";"";"";"N";"N";"N";"";"";"A";"3"
"";"en";"329";"Healthy Snacks";"0.00";"332.40";"0.000";"100";"1";"0.00";"21 Aug 2019 15:45:02";"N";"";"N";"B";"N";"R";"";"exim/backup/images/orejon_chabacano.jpg#{[ar]:;[de]:;[en]:;[es]:;[ja]:;}";"<h1>Orejón de Chabacano</h1>";"";"";"";"";"";"";"";"";"N";"N";"N";"";"";"A";""
"";"en";"330";"Healthy Snacks";"0.00";"518.10";"0.000";"100";"1";"0.00";"21 Aug 2019 15:45:02";"N";"";"N";"B";"N";"R";"";"exim/backup/images/orejon_durazno.jpg#{[ar]:;[de]:;[en]:;[es]:;[ja]:;}";"<h1>Orejón de Durazno</h1>";"";"";"";"";"";"";"";"";"N";"N";"N";"";"";"A";""
"";"en";"331";"Healthy Snacks";"0.00";"325.50";"0.000";"100";"1";"0.00";"21 Aug 2019 15:45:02";"N";"";"N";"B";"N";"R";"";"exim/backup/images/orejon_manzana.jpg#{[ar]:;[de]:;[en]:;[es]:;[ja]:;}";"<h1>Orejón de Manzana</h1>";"";"";"";"";"";"";"";"";"N";"N";"N";"";"";"A";""
"";"en";"332";"Healthy Snacks";"0.00";"470.40";"0.000";"100";"1";"0.00";"21 Aug 2019 15:45:02";"N";"";"N";"B";"N";"R";"";"exim/backup/images/orejon_mixto_con_ciruela.jpg#{[ar]:;[de]:;[en]:;[es]:;[ja]:;}";"<h1>Orejón Mixto con Ciruela</h1>";"";"";"";"";"";"";"";"";"N";"N";"N";"";"";"A";""
"";"en";"333";"Healthy Snacks";"0.00";"518.10";"0.000";"100";"1";"0.00";"21 Aug 2019 15:45:02";"N";"";"N";"B";"N";"R";"";"exim/backup/images/orejon_pera.jpg#{[ar]:;[de]:;[en]:;[es]:;[ja]:;}";"<h1>Orejón de Pera</h1>";"";"";"";"";"";"";"";"";"N";"N";"N";"";"";"A";""
"";"en";"334";"Healthy Snacks";"0.00";"164.40";"0.000";"100";"1";"0.00";"21 Aug 2019 15:59:54";"N";"";"N";"B";"N";"R";"";"exim/backup/images/pepita_girasol_cruda_sin_cascara.jpg#{[ar]:;[de]:;[en]:;[es]:;[ja]:;}";"<h1>Pepita de Girasol sin Cutícula</h1>";"";"";"";"";"";"";"";"";"N";"N";"N";"";"";"A";""
"";"en";"336";"Healthy Snacks";"0.00";"2274.90";"0.000";"100";"1";"0.00";"21 Aug 2019 15:59:54";"N";"";"N";"B";"N";"R";"";"exim/backup/images/pinon_blanco.jpg#{[ar]:;[de]:;[en]:;[es]:;[ja]:;}";"<h1>Piñón Blanco</h1>";"";"";"";"";"";"";"";"";"N";"N";"N";"";"";"A";""
"";"en";"338";"Healthy Snacks";"0.00";"2555.10";"0.000";"100";"1";"0.00";"21 Aug 2019 15:59:54";"N";"";"N";"B";"N";"R";"";"exim/backup/images/pinon_rosa.jpg#{[ar]:;[de]:;[en]:;[es]:;[ja]:;}";"<h1>Piñón Rosa</h1>";"";"";"";"";"";"";"";"";"N";"N";"N";"";"";"A";""
"";"en";"340";"Healthy Snacks";"0.00";"287.40";"0.000";"100";"1";"0.00";"21 Aug 2019 15:59:54";"N";"";"N";"B";"N";"R";"";"exim/backup/images/platano_deshidratado.jpg#{[ar]:;[de]:;[en]:;[es]:;[ja]:;}";"<h1>Plátano Deshidratado</h1>";"";"";"";"";"";"";"";"";"N";"N";"N";"";"";"A";""
"";"en";"341";"Healthy Snacks";"0.00";"269.40";"0.000";"100";"1";"0.00";"21 Aug 2019 15:59:54";"N";"";"N";"B";"N";"R";"";"exim/backup/images/quinoa_natural.jpg#{[ar]:;[de]:;[en]:;[es]:;[ja]:;}";"<h1>Quinoa Natural</h1>";"";"";"";"";"";"";"";"";"N";"N";"N";"";"";"A";""
"";"en";"342";"Healthy Snacks";"0.00";"47.10";"0.000";"100";"1";"0.00";"21 Aug 2019 15:59:54";"N";"";"N";"B";"N";"R";"";"exim/backup/images/salvado_de_trigo.jpg#{[ar]:;[de]:;[en]:;[es]:;[ja]:;}";"<h1>Salvado de Trigo</h1>";"";"";"";"";"";"";"";"";"N";"N";"N";"";"";"A";""
"";"en";"343";"Healthy Snacks";"0.00";"71.40";"0.000";"100";"1";"0.00";"21 Aug 2019 15:59:54";"N";"";"N";"B";"N";"R";"";"exim/backup/images/salvado_premium_tostado_endulzado.jpg#{[ar]:;[de]:;[en]:;[es]:;[ja]:;}";"<h1>Salvado Premium Tostado y Endulzado</h1>";"";"";"";"";"";"";"";"";"N";"N";"N";"";"";"A";""
"";"en";"344";"Healthy Snacks";"0.00";"213.60";"0.000";"100";"1";"0.00";"21 Aug 2019 15:59:54";"N";"";"N";"B";"N";"R";"";"exim/backup/images/semilla_de_chia.jpg#{[ar]:;[de]:;[en]:;[es]:;[ja]:;}";"<h1>Chía</h1>";"";"";"";"";"";"";"";"";"N";"N";"N";"";"";"A";"3"
"";"en";"345";"Healthy Snacks";"0.00";"100.80";"0.000";"100";"1";"0.00";"21 Aug 2019 15:59:54";"N";"";"N";"B";"N";"R";"";"exim/backup/images/semilla_de_girasol.jpg#{[ar]:;[de]:;[en]:;[es]:;[ja]:;}";"<h1>Semilla de Girasol</h1>";"";"";"";"";"";"";"";"";"N";"N";"N";"";"";"A";""
"";"en";"346";"Healthy Snacks";"0.00";"67.20";"0.000";"100";"1";"0.00";"21 Aug 2019 15:59:54";"N";"";"N";"B";"N";"R";"";"exim/backup/images/semilla_de_linaza.jpg#{[ar]:;[de]:;[en]:;[es]:;[ja]:;}";"<h1>Semilla de Linaza</h1>";"";"";"";"";"";"";"";"";"N";"N";"N";"";"";"A";""
"";"en";"347";"Healthy Snacks";"0.00";"96.60";"0.000";"100";"1";"0.00";"21 Aug 2019 15:59:54";"N";"";"N";"B";"N";"R";"";"exim/backup/images/semilla_de_linaza_en_polvo.jpg#{[ar]:;[de]:;[en]:;[es]:;[ja]:;}";"<h1>Semilla de Linaza en Polvo</h1>";"";"";"";"";"";"";"";"";"N";"N";"N";"";"";"A";""
"";"en";"348";"Healthy Snacks";"0.00";"381.60";"0.000";"100";"1";"0.00";"21 Aug 2019 15:59:54";"N";"";"N";"B";"N";"R";"";"exim/backup/images/semilla_de_zaragatona.jpg#{[ar]:;[de]:;[en]:;[es]:;[ja]:;}";"<h1>Semilla de Zaragatona</h1>";"";"";"";"";"";"";"";"";"N";"N";"N";"";"";"A";""
"";"en";"349";"Healthy Snacks";"0.00";"190.80";"0.000";"100";"1";"0.00";"21 Aug 2019 15:59:54";"N";"";"N";"B";"N";"R";"";"exim/backup/images/semilla_linaza_cpina_y_toronja.jpg#{[ar]:;[de]:;[en]:;[es]:;[ja]:;}";"<h1>Semilla de Linaza con Piña y Toronja</h1>";"";"";"";"";"";"";"";"";"N";"N";"N";"";"";"A";""
"";"en";"350";"Healthy Snacks";"0.00";"139.80";"0.000";"100";"1";"0.00";"21 Aug 2019 15:59:54";"N";"";"N";"B";"N";"R";"";"exim/backup/images/semilla_linaza_con_manzana.jpg#{[ar]:;[de]:;[en]:;[es]:;[ja]:;}";"<h1>Semilla de Linaza con Manzana</h1>";"";"";"";"";"";"";"";"";"N";"N";"N";"";"";"A";"3"
"";"en";"351";"Healthy Snacks";"0.00";"195.90";"0.000";"100";"1";"0.00";"21 Aug 2019 15:59:54";"N";"";"N";"B";"N";"R";"";"exim/backup/images/uva_pasa.jpg#{[ar]:;[de]:;[en]:;[es]:;[ja]:;}";"<h1>Uva Pasa</h1>";"";"";"";"";"";"";"";"";"N";"N";"N";"";"";"A";""
"";"en";"352";"Healthy Snacks";"0.00";"350.10";"0.000";"100";"1";"0.00";"21 Aug 2019 15:59:54";"N";"";"N";"B";"N";"R";"";"exim/backup/images/uva_pasa_blanca.jpg#{[ar]:;[de]:;[en]:;[es]:;[ja]:;}";"<h1>Uva Pasa Blanca</h1>";"";"";"";"";"";"";"";"";"N";"N";"N";"";"";"A";""
"";"en";"353";"Healthy Snacks";"0.00";"467.70";"0.000";"100";"1";"0.00";"21 Aug 2019 16:09:12";"N";"";"N";"B";"N";"R";"";"exim/backup/images/almendra_natural_en_polvo.jpg#{[ar]:;[de]:;[en]:;[es]:;[ja]:;}";"<h1>Almendra en Polvo</h1>";"";"";"";"";"";"";"";"";"Y";"N";"N";"";"";"A";"24"
"";"en";"354";"Snacks";"0.00";"688.80";"0.000";"100";"1";"0.00";"21 Aug 2019 16:41:14";"N";"";"N";"B";"N";"R";"";"exim/backup/images/almendra_con_chile.jpg#{[ar]:;[de]:;[en]:;[es]:;[ja]:;}";"<h1>Almendra con Chile</h1>";"snack, enchilados, botana enchilada, almendra enchilada, almendra con chile, orgánico, natural, mayoreo, menudeo";"";"";"";"";"";"";"";"N";"N";"N";"";"";"A";"18"
"";"en";"356";"Snacks";"0.00";"260.10";"0.000";"100";"1";"0.00";"21 Aug 2019 16:41:14";"N";"";"N";"B";"N";"R";"";"exim/backup/images/dulce_de_membrillo_sabor_guayaba_con_chile.jpg#{[ar]:;[de]:;[en]:;[es]:;[ja]:;}";"<h1>Dulce de Membrillo Sabor Guayaba con Chile</h1>";"";"";"";"";"";"";"";"";"N";"N";"N";"";"";"A";"3"
"";"en";"357";"Snacks";"0.00";"227.10";"0.000";"100";"1";"0.00";"21 Aug 2019 16:41:14";"N";"";"N";"B";"N";"R";"";"exim/backup/images/mezcla_gourmet_botanera.jpg#{[ar]:;[de]:;[en]:;[es]:;[ja]:;}";"<h1>Mezcla Gourmet Botanera</h1>";"";"";"";"";"";"";"";"";"N";"N";"N";"";"";"A";""
"";"en";"358";"Snacks";"0.00";"123.00";"0.000";"100";"1";"0.00";"21 Aug 2019 16:41:14";"N";"";"N";"B";"N";"R";"";"exim/backup/images/cacahuate_enchilado.jpg#{[ar]:;[de]:;[en]:;[es]:;[ja]:;}";"<h1>Cacahuate Enchilado</h1>";"";"";"";"";"";"";"";"";"N";"N";"N";"";"";"A";"18"
"";"en";"359";"Snacks";"0.00";"113.40";"0.000";"100";"1";"0.00";"21 Aug 2019 16:41:14";"N";"";"N";"B";"N";"R";"";"exim/backup/images/cacahuate_japones.jpg#{[ar]:;[de]:;[en]:;[es]:;[ja]:;}";"<h1>Cacahuate Japonés</h1>";"";"";"";"";"";"";"";"";"N";"N";"N";"";"";"A";"15"
"";"en";"360";"Snacks";"0.00";"124.80";"0.000";"100";"1";"0.00";"21 Aug 2019 16:41:14";"N";"";"N";"B";"N";"R";"";"exim/backup/images/cacahuate_cubierto_con_chile.jpg#{[ar]:;[de]:;[en]:;[es]:;[ja]:;}";"<h1>Cacahuate Cubierto con Chile</h1>";"";"";"";"";"";"";"";"";"N";"N";"N";"";"";"A";"18"
"";"en";"361";"Snacks";"0.00";"123.00";"0.000";"100";"1";"0.00";"21 Aug 2019 16:41:14";"N";"";"N";"B";"N";"R";"";"exim/backup/images/cacahuate_salado.jpg#{[ar]:;[de]:;[en]:;[es]:;[ja]:;}";"<h1>Cacahuate Salado</h1>";"";"";"";"";"";"";"";"";"N";"N";"N";"";"";"A";"24"
"";"en";"362";"Snacks";"0.00";"214.20";"0.000";"100";"1";"0.00";"21 Aug 2019 16:41:14";"N";"";"N";"B";"N";"R";"";"exim/backup/images/cacahuate_virginia_con_cuticula.jpg#{[ar]:;[de]:;[en]:;[es]:;[ja]:;}";"<h1>Cacahuate Virginia con Cutícula</h1>";"";"";"";"";"";"";"";"";"N";"N";"N";"";"";"A";"15"
"";"en";"363";"Snacks";"0.00";"214.20";"0.000";"100";"1";"0.00";"21 Aug 2019 16:41:14";"N";"";"N";"B";"N";"R";"";"exim/backup/images/cacahuate_virginia_con_chile_de_arbol.jpg#{[ar]:;[de]:;[en]:;[es]:;[ja]:;}";"<h1>Cacahuate Virginia con Cutícula y Chile de Árbol</h1>";"";"";"";"";"";"";"";"";"N";"N";"N";"";"";"A";"6"
"";"en";"364";"Snacks";"0.00";"214.20";"0.000";"100";"1";"0.00";"21 Aug 2019 16:41:14";"N";"";"N";"B";"N";"R";"";"exim/backup/images/mezcla_gourmet_de_cacahuate_salado_y_picante.jpg#{[ar]:;[de]:;[en]:;[es]:;[ja]:;}";"<h1>Mezcla Gourmet de Cacahuate Salado y Picante</h1>";"";"";"";"";"";"";"";"";"N";"N";"N";"";"";"A";""
"";"en";"366";"Snacks";"0.00";"373.80";"0.000";"100";"1";"0.00";"21 Aug 2019 16:41:14";"N";"";"N";"B";"N";"R";"";"exim/backup/images/cranberry_arandanos_con_chile.jpg#{[ar]:;[de]:;[en]:;[es]:;[ja]:;}";"<h1>Arándanos con Chile</h1>";"";"";"";"";"IVA";"";"";"";"N";"N";"N";"";"";"A";"18"
"";"en";"367";"Snacks";"0.00";"199.80";"0.000";"100";"1";"0.00";"21 Aug 2019 16:41:14";"N";"";"N";"B";"N";"R";"";"exim/backup/images/garbanzo_con_chile.jpg#{[ar]:;[de]:;[en]:;[es]:;[ja]:;}";"<h1>Garbanzo con Chile</h1>";"";"";"";"";"";"";"";"";"N";"N";"N";"";"";"A";""
"";"en";"368";"Snacks";"0.00";"198.90";"0.000";"100";"1";"0.00";"21 Aug 2019 16:41:14";"N";"";"N";"B";"N";"R";"";"exim/backup/images/habas_con_chile_con_cascara.jpg#{[ar]:;[de]:;[en]:;[es]:;[ja]:;}";"<h1>Habas con Chile y Cáscara</h1>";"";"";"";"";"";"";"";"";"N";"N";"N";"";"";"A";""
"";"en";"369";"Snacks";"0.00";"395.10";"0.000";"100";"1";"0.00";"21 Aug 2019 16:41:15";"N";"";"N";"B";"N";"R";"";"exim/backup/images/corn_kernel_maicito_queso_y_habanero.jpg#{[ar]:;[de]:;[en]:;[es]:;[ja]:;}";"<h1>Corn Kernel con Queso y Chile Habanero</h1>";"";"";"";"";"";"";"";"";"N";"N";"N";"";"";"A";""
"";"en";"370";"Snacks";"0.00";"376.80";"0.000";"100";"1";"0.00";"21 Aug 2019 16:41:15";"N";"";"N";"B";"N";"R";"";"exim/backup/images/corn_kernel_maicito_sal_y_chile.jpg#{[ar]:;[de]:;[en]:;[es]:;[ja]:;}";"<h1>Corn Kernel con Sal y Chile</h1>";"";"";"";"";"";"";"";"";"N";"N";"N";"";"";"A";""
"";"en";"374";"Snacks";"0.00";"489.90";"0.000";"100";"1";"0.00";"21 Aug 2019 16:41:15";"N";"";"N";"B";"N";"R";"";"exim/backup/images/mango_con_chile.jpg#{[ar]:;[de]:;[en]:;[es]:;[ja]:;}";"<h1>Mango con Chile</h1>";"";"";"";"";"";"";"";"";"N";"N";"N";"";"";"A";"3"
"";"en";"376";"Snacks";"0.00";"429.30";"0.000";"100";"1";"0.00";"21 Aug 2019 17:47:36";"N";"";"N";"B";"N";"R";"";"exim/backup/images/manzana_con_chile.jpg#{[ar]:;[de]:;[en]:;[es]:;[ja]:;}";"<h1>Manzana con Chile</h1>";"";"";"";"";"";"";"";"";"N";"N";"N";"";"";"A";""
"";"en";"377";"Snacks";"0.00";"548.70";"0.000";"100";"1";"0.00";"21 Aug 2019 17:47:36";"N";"";"N";"B";"N";"R";"";"exim/backup/images/mezcla_gourmet_de_nueces_con_chile.jpg#{[ar]:;[de]:;[en]:;[es]:;[ja]:;}";"<h1>Mezcla Gourmet de Nueces con Chile</h1>";"";"";"";"";"";"";"";"";"N";"N";"N";"";"";"A";""
"";"en";"378";"Snacks";"0.00";"686.40";"0.000";"100";"1";"0.00";"21 Aug 2019 17:47:36";"N";"";"N";"B";"N";"R";"";"exim/backup/images/nopal_con_chile.jpg#{[ar]:;[de]:;[en]:;[es]:;[ja]:;}";"<h1>Nopal con Chile</h1>";"";"";"";"";"";"";"";"";"N";"N";"N";"";"";"A";""
"";"en";"379";"Snacks";"0.00";"729.90";"0.000";"100";"1";"0.00";"21 Aug 2019 17:47:36";"N";"";"N";"B";"N";"R";"";"exim/backup/images/mezcla_premium_de_nueces.jpg#{[ar]:;[de]:;[en]:;[es]:;[ja]:;}";"<h1>Mezcla Premium de Nueces</h1>";"";"";"";"";"";"";"";"";"N";"N";"N";"";"";"A";""
"";"en";"380";"Snacks";"0.00";"847.50";"0.000";"100";"1";"0.00";"21 Aug 2019 17:47:36";"N";"";"N";"B";"N";"R";"";"exim/backup/images/mezcla_premium_de_nueces_con_sal_y_chile.jpg#{[ar]:;[de]:;[en]:;[es]:;[ja]:;}";"<h1>Mezcla Premium de Nueces con Sal y Chile</h1>";"";"";"";"";"";"";"";"";"N";"N";"N";"";"";"A";""
"";"en";"381";"Snacks";"0.00";"855.60";"0.000";"100";"1";"0.00";"21 Aug 2019 17:47:36";"N";"";"N";"B";"N";"R";"";"exim/backup/images/nuez_con_chile.jpg#{[ar]:;[de]:;[en]:;[es]:;[ja]:;}";"<h1>Nuez con Chile</h1>";"";"";"";"";"";"";"";"";"N";"N";"N";"";"";"A";"18"
"";"en";"382";"Snacks";"0.00";"807.00";"0.000";"100";"1";"0.00";"21 Aug 2019 17:47:36";"N";"";"N";"B";"N";"R";"";"exim/backup/images/pistacho.jpg#{[ar]:;[de]:;[en]:;[es]:;[ja]:;}";"<h1>Pistachos</h1>";"";"";"";"";"";"";"";"";"N";"N";"N";"";"";"A";"3"
"";"en";"384";"Snacks";"0.00";"406.80";"0.000";"100";"1";"0.00";"21 Aug 2019 17:47:36";"N";"";"N";"B";"N";"R";"";"exim/backup/images/pina_con_chile.jpg#{[ar]:;[de]:;[en]:;[es]:;[ja]:;}";"<h1>Piña con Chile</h1>";"";"";"";"";"";"";"";"";"N";"N";"N";"";"";"A";""
"";"en";"385";"Snacks";"0.00";"245.70";"0.000";"100";"1";"0.00";"21 Aug 2019 17:47:36";"N";"";"N";"B";"N";"R";"";"exim/backup/images/platano_frito.jpg#{[ar]:;[de]:;[en]:;[es]:;[ja]:;}";"<h1>Plátano Frito</h1>";"";"";"";"";"";"";"";"";"N";"N";"N";"";"";"A";""
"";"en";"386";"Snacks";"0.00";"245.70";"0.000";"100";"1";"0.00";"21 Aug 2019 17:47:36";"N";"";"N";"B";"N";"R";"";"exim/backup/images/platano_frito_con_chile.jpg#{[ar]:;[de]:;[en]:;[es]:;[ja]:;}";"<h1>Plátano Frito con Chile</h1>";"";"";"";"";"";"";"";"";"N";"N";"N";"";"";"A";""
"";"en";"387";"Snacks";"0.00";"376.50";"0.000";"100";"1";"0.00";"21 Aug 2019 17:47:36";"N";"";"N";"B";"N";"R";"";"exim/backup/images/semilla_pepita_tostada_con_sal.jpg#{[ar]:;[de]:;[en]:;[es]:;[ja]:;}";"<h1>Pepita Tostada con Sal</h1>";"";"";"";"";"";"";"";"";"N";"N";"N";"";"";"A";"15"
"";"en";"388";"Snacks";"0.00";"132.30";"0.000";"100";"1";"0.00";"21 Aug 2019 17:47:36";"N";"";"N";"B";"N";"R";"";"exim/backup/images/frijol_de_soya_con_sal.jpg#{[ar]:;[de]:;[en]:;[es]:;[ja]:;}";"<h1>Frijol de Soya con Sal</h1>";"";"";"";"";"";"";"";"";"N";"N";"N";"";"";"A";""
"";"en";"390";"Chocolates";"0.00";"719.10";"0.000";"100";"1";"0.00";"21 Aug 2019 18:22:25";"N";"";"N";"B";"N";"R";"";"exim/backup/images/mezcla_gourmet_de_almendra_con_chocolate.jpg#{[ar]:;[de]:;[en]:;[es]:;[ja]:;}";"<h1>Mezcla Gourmet de Almendra con Chocolate</h1>";"";"";"";"";"";"";"";"";"N";"N";"N";"";"";"A";""
"";"en";"391";"Chocolates";"0.00";"791.10";"0.000";"100";"1";"0.00";"21 Aug 2019 18:22:25";"N";"";"N";"B";"N";"R";"";"exim/backup/images/almendra_cubierta_de_chocolate_oscuro.jpg#{[ar]:;[de]:;[en]:;[es]:;[ja]:;}";"<h1>Almendra cubierta de Chocolate Oscuro</h1>";"";"";"";"";"";"";"";"";"N";"N";"N";"";"";"A";"6"
"";"en";"392";"Chocolates";"0.00";"719.10";"0.000";"100";"1";"0.00";"21 Aug 2019 18:22:25";"N";"";"N";"B";"N";"R";"";"exim/backup/images/almendra_cubierta_de_chocolate_regular.jpg#{[ar]:;[de]:;[en]:;[es]:;[ja]:;}";"<h1>Almendra cubierta de Chocolate</h1>";"Tienda online de confiteria y dulcesVenta mayoreo y menudeo";"";"";"";"";"";"";"";"N";"N";"N";"";"";"A";"57"
"";"en";"393";"Chocolates";"0.00";"436.50";"0.000";"100";"1";"0.00";"21 Aug 2019 18:22:25";"N";"";"N";"B";"N";"R";"";"exim/backup/images/cacahuate_trampado.jpg#{[ar]:;[de]:;[en]:;[es]:;[ja]:;}";"<h1>Cacahuate Trampado</h1>";"";"";"";"";"";"";"";"";"N";"N";"N";"";"";"A";"3"
"";"en";"394";"Chocolates";"0.00";"558.00";"0.000";"100";"1";"0.00";"21 Aug 2019 18:22:25";"N";"";"N";"B";"N";"R";"";"exim/backup/images/granos_de_café_cubiertos_de_chocolate.jpg#{[ar]:;[de]:;[en]:;[es]:;[ja]:;}";"<h1>Granos de Café cubiertos de Chocolate</h1>";"";"";"";"";"";"";"";"";"N";"N";"N";"";"";"A";"6"
"";"en";"395";"Chocolates";"0.00";"246.90";"0.000";"100";"1";"0.00";"21 Aug 2019 18:22:25";"N";"";"N";"B";"N";"R";"";"exim/backup/images/chocolate_chips.jpg#{[ar]:;[de]:;[en]:;[es]:;[ja]:;}";"<h1>Chocolate Chips</h1>";"";"";"";"";"";"";"";"";"N";"N";"N";"";"";"A";"9"
"";"en";"396";"Chocolates";"0.00";"454.80";"0.000";"100";"1";"0.00";"21 Aug 2019 18:22:25";"N";"";"N";"B";"N";"R";"";"exim/backup/images/mezcla_gourmet_de_arandanos_con_chocolate.jpg#{[ar]:;[de]:;[en]:;[es]:;[ja]:;}";"<h1>Mezcla Gourmet de Arándanos cubiertos de Chocolate</h1>";"";"";"";"";"";"";"";"";"N";"N";"N";"";"";"A";"3"
"";"en";"397";"Chocolates";"0.00";"889.20";"0.000";"100";"1";"0.00";"21 Aug 2019 18:22:25";"N";"";"N";"B";"N";"R";"";"exim/backup/images/nuez_cubierta_de_chocolate_blanco.jpg#{[ar]:;[de]:;[en]:;[es]:;[ja]:;}";"<h1>Nuez cubierta de Chocolate Blanco</h1>";"";"";"";"";"";"";"";"";"N";"N";"N";"";"";"A";"15"
"";"en";"398";"Chocolates";"0.00";"889.20";"0.000";"100";"1";"0.00";"21 Aug 2019 18:22:25";"N";"";"N";"B";"N";"R";"";"exim/backup/images/nuez_cubierta_de_chocolate_oscuro.jpg#{[ar]:;[de]:;[en]:;[es]:;[ja]:;}";"<h1>Nuez cubierta de Chocolate Oscuro</h1>";"";"";"";"";"";"";"";"";"N";"N";"N";"";"";"A";"12"
"";"en";"399";"Chocolates";"0.00";"889.20";"0.000";"100";"1";"0.00";"21 Aug 2019 18:22:25";"N";"";"N";"B";"N";"R";"";"exim/backup/images/nuez_cubierta_de_chocolate_regular.jpg#{[ar]:;[de]:;[en]:;[es]:;[ja]:;}";"<h1>Nuez cubierta de Chocolate</h1>";"";"";"";"";"";"";"";"";"N";"N";"N";"";"";"A";"3"
"";"en";"400";"Chocolates";"0.00";"359.10";"0.000";"100";"1";"0.00";"21 Aug 2019 18:22:25";"N";"";"N";"B";"N";"R";"";"exim/backup/images/pasa_cubierta_de_chocolate.jpg#{[ar]:;[de]:;[en]:;[es]:;[ja]:;}";"<h1>Pasa cubierta de Chocolate</h1>";"";"";"";"";"";"";"";"";"N";"N";"N";"";"";"A";"18"
"";"en";"401";"Chocolates";"0.00";"555.00";"0.000";"100";"1";"0.00";"21 Aug 2019 18:22:25";"N";"";"N";"B";"N";"R";"";"exim/backup/images/mezcla_gourmet_de_chocolate_semillas_y_frutas.jpg#{[ar]:;[de]:;[en]:;[es]:;[ja]:;}";"<h1>Mezcla Gourmet de Chocolate, Semillas y Frutas</h1>";"";"";"";"";"";"";"";"";"N";"N";"N";"";"";"A";"3"
"";"en";"403";"Confitería";"0.00";"484.80";"0.000";"100";"1";"0.00";"21 Aug 2019 18:42:36";"N";"";"N";"B";"N";"R";"";"exim/backup/images/almendra_garapinada.jpg#{[ar]:;[de]:;[en]:;[es]:;[ja]:;}";"<h1>Almendra Garapiñada</h1>";"";"";"";"";"";"";"";"";"N";"N";"N";"";"";"A";"48"
"";"en";"405";"Confitería";"0.00";"151.20";"0.000";"100";"1";"0.00";"21 Aug 2019 18:42:36";"N";"";"N";"B";"N";"R";"";"exim/backup/images/cacahuate_garapinado.jpg#{[ar]:;[de]:;[en]:;[es]:;[ja]:;}";"<h1>Cacahuate Garapiñado</h1>";"";"";"";"";"";"";"";"";"N";"N";"N";"";"";"A";"21"
"";"en";"406";"Confitería";"0.00";"173.10";"0.000";"100";"1";"0.00";"21 Aug 2019 18:42:36";"N";"";"N";"B";"N";"R";"";"exim/backup/images/cacahuate_garapinado_ajonjoli.jpg#{[ar]:;[de]:;[en]:;[es]:;[ja]:;}";"<h1>Cacahuate Garapiñado con notas de Ajonjolí</h1>";"";"";"";"";"";"";"";"";"N";"N";"N";"";"";"A";"6"
"";"en";"407";"Confitería";"0.00";"480.00";"0.000";"100";"1";"0.00";"21 Aug 2019 18:42:36";"N";"";"N";"B";"N";"R";"";"exim/backup/images/datil_con_nuez_con_azucar.jpg#{[ar]:;[de]:;[en]:;[es]:;[ja]:;}";"<h1>Dátil con Nuez y Azúcar</h1>";"";"";"";"";"";"";"";"";"N";"N";"N";"";"";"A";"9"
"";"en";"408";"Confitería";"0.00";"353.10";"0.000";"100";"1";"0.00";"21 Aug 2019 18:42:36";"N";"";"N";"B";"N";"R";"";"exim/backup/images/perlas_de_chocolate_confitadas_de_menta.jpg#{[ar]:;[de]:;[en]:;[es]:;[ja]:;}";"<h1>Perlas de Chocolate confitadas de Menta</h1>";"";"";"";"";"";"";"";"";"N";"N";"N";"";"";"A";""
"";"en";"409";"Confitería";"0.00";"229.50";"0.000";"100";"1";"0.00";"21 Aug 2019 18:42:36";"N";"";"N";"B";"N";"R";"";"exim/backup/images/mezcla_gourmet_de_semillas_caramelizadas.jpg#{[ar]:;[de]:;[en]:;[es]:;[ja]:;}";"<h1>Mezcla Gourmet de Semillas Caramelizadas</h1>";"";"";"";"";"";"";"";"";"N";"N";"N";"";"";"A";"3"
"";"en";"410";"Confitería";"0.00";"136.80";"0.000";"100";"1";"0.00";"21 Aug 2019 18:42:36";"N";"";"N";"B";"N";"R";"";"exim/backup/images/gomitas_corazon_grande.jpg#{[ar]:;[de]:;[en]:;[es]:;[ja]:;}";"<h1>Gomitas en forma Corazón</h1>";"";"";"";"";"";"";"";"";"N";"N";"N";"";"";"A";"3"
"";"en";"411";"Confitería";"0.00";"136.80";"0.000";"100";"1";"0.00";"21 Aug 2019 18:42:36";"N";"";"N";"B";"N";"R";"";"exim/backup/images/gomitas_frutas.jpg#{[ar]:;[de]:;[en]:;[es]:;[ja]:;}";"<h1>Gomitas de Frutas</h1>";"";"";"";"";"";"";"";"";"N";"N";"N";"";"";"A";"9"
"";"en";"412";"Confitería";"0.00";"143.40";"0.000";"100";"1";"0.00";"21 Aug 2019 18:42:36";"N";"";"N";"B";"N";"R";"";"exim/backup/images/gomitas_de_naranja_en_gajos.jpg#{[ar]:;[de]:;[en]:;[es]:;[ja]:;}";"<h1>Gomitas de Naranja en Gajos</h1>";"";"";"";"";"";"";"";"";"N";"N";"N";"";"";"A";"12"
"";"en";"413";"Confitería";"0.00";"136.80";"0.000";"100";"1";"0.00";"21 Aug 2019 18:42:36";"N";"";"N";"B";"N";"R";"";"exim/backup/images/gomas_lombrices.jpg#{[ar]:;[de]:;[en]:;[es]:;[ja]:;}";"<h1>Gomitas de Sabores #1</h1>";"";"";"";"";"";"";"";"";"N";"N";"N";"";"";"A";"9"
"";"en";"414";"Confitería";"0.00";"136.80";"0.000";"100";"1";"0.00";"21 Aug 2019 18:42:36";"N";"";"N";"B";"N";"R";"";"exim/backup/images/gomas_ositos.jpg#{[ar]:;[de]:;[en]:;[es]:;[ja]:;}";"<h1>Gomitas de Sabores #2</h1>";"";"";"";"";"";"";"";"";"N";"N";"N";"";"";"A";"6"
"";"en";"415";"Confitería";"0.00";"520.20";"0.000";"100";"1";"0.00";"21 Aug 2019 18:42:36";"N";"";"N";"B";"N";"R";"";"exim/backup/images/kiwi_glaseado.jpg#{[ar]:;[de]:;[en]:;[es]:;[ja]:;}";"<h1>Kiwi Glaseado</h1>";"";"";"";"";"";"";"";"";"N";"N";"N";"";"";"A";"15"
"";"en";"416";"Confitería";"0.00";"416.40";"0.000";"100";"1";"0.00";"21 Aug 2019 18:42:36";"N";"";"N";"B";"N";"R";"";"exim/backup/images/mango_glaseado.jpg#{[ar]:;[de]:;[en]:;[es]:;[ja]:;}";"<h1>Mango Glaseado</h1>";"";"";"";"";"";"";"";"";"N";"N";"N";"";"";"A";"18"
"";"en";"418";"Confitería";"0.00";"505.80";"0.000";"100";"1";"0.00";"21 Aug 2019 18:42:36";"N";"";"N";"B";"N";"R";"";"exim/backup/images/nuez_caramelizada.jpg#{[ar]:;[de]:;[en]:;[es]:;[ja]:;}";"<h1>Nuez Caramelizada</h1>";"";"";"";"";"";"";"";"";"N";"N";"N";"";"";"A";"3"
"";"en";"419";"Confitería";"0.00";"505.20";"0.000";"100";"1";"0.00";"21 Aug 2019 18:42:36";"N";"";"N";"B";"N";"R";"";"exim/backup/images/nuez_garapinada.jpg#{[ar]:;[de]:;[en]:;[es]:;[ja]:;}";"<h1>Nuez Garapiñada</h1>";"";"";"";"";"";"";"";"";"N";"N";"N";"";"";"A";"3"
"";"en";"420";"Confitería";"0.00";"433.50";"0.000";"100";"1";"0.00";"21 Aug 2019 18:42:36";"N";"";"N";"B";"N";"R";"";"exim/backup/images/nuez_garapinada_trocitos_6.jpg#{[ar]:;[de]:;[en]:;[es]:;[ja]:;}";"<h1>Nuez Garapiñada en Trozos</h1>";"";"";"";"";"";"";"";"";"N";"N";"N";"";"";"A";"3"
"";"en";"421";"Confitería";"0.00";"268.50";"0.000";"100";"1";"0.00";"21 Aug 2019 18:42:36";"N";"";"N";"B";"N";"R";"";"exim/backup/images/papaya.jpg#{[ar]:;[de]:;[en]:;[es]:;[ja]:;}";"<h1>Papaya en Cuadros</h1>";"";"";"";"";"";"";"";"";"N";"N";"N";"";"";"A";"3"
"";"en";"422";"Confitería";"0.00";"321.30";"0.000";"100";"1";"0.00";"21 Aug 2019 18:42:36";"N";"";"N";"B";"N";"R";"";"exim/backup/images/pina_glaseada.jpg#{[ar]:;[de]:;[en]:;[es]:;[ja]:;}";"<h1>Piña Glaseada en Cuadros</h1>";"";"";"";"";"";"";"";"";"N";"N";"N";"";"";"A";""
"";"en";"423";"Sugar Free";"0.00";"900.30";"0.000";"100";"1";"0.00";"21 Aug 2019 18:46:59";"N";"";"N";"B";"N";"R";"";"exim/backup/images/almendra_cubierta_de_chocolate_semi_oscuro_-_sugar_free.jpg#{[ar]:;[de]:;[en]:;[es]:;[ja]:;}";"<h1>Almendra cubierta de Chocolate Semi Oscuro Sugar Free</h1>";"";"";"";"";"";"";"";"Chocolates";"Y";"N";"N";"";"";"A";"27"
"";"en";"424";"Sugar Free";"0.00";"600.90";"0.000";"100";"1";"0.00";"21 Aug 2019 18:48:04";"N";"";"N";"B";"N";"R";"";"exim/backup/images/chia_con_chocolate_sugar_free.jpg#{[ar]:;[de]:;[en]:;[es]:;[ja]:;}";"<h1>Chía cubierta de Chocolate Sugar Free</h1>";"";"";"";"";"";"";"";"Chocolates";"Y";"N";"N";"";"";"A";"6"
"";"en";"425";"Snacks";"0.00";"672.30";"0.000";"100";"1";"0.00";"21 Aug 2019 18:48:41";"N";"";"N";"B";"N";"R";"";"exim/backup/images/coco_con_chile_sugar_free.jpg#{[ar]:;[de]:;[en]:;[es]:;[ja]:;}";"<h1>Coco con Chile Sugar Free</h1>";"";"";"";"";"";"";"";"Sugar Free";"Y";"N";"N";"";"";"A";"12"
"";"en";"426";"Healthy Snacks";"0.00";"480.00";"0.000";"100";"1";"0.00";"21 Aug 2019 18:50:14";"N";"";"N";"B";"N";"R";"";"exim/backup/images/datil_con_nuez_sugar_free.jpg#{[ar]:;[de]:;[en]:;[es]:;[ja]:;}";"<h1>Dátil con Nuez Sugar Free</h1>";"";"";"";"";"";"";"";"Sugar Free";"Y";"N";"N";"";"";"A";"9"
"";"en";"427";"Healthy Snacks";"0.00";"816.90";"0.000";"100";"1";"0.00";"21 Aug 2019 18:51:25";"N";"";"N";"B";"N";"R";"";"exim/backup/images/mango_con_chile_sin_azucar.jpg#{[ar]:;[de]:;[en]:;[es]:;[ja]:;}";"<h1>Mango con Chile Sugar Free</h1>";"";"";"";"";"";"";"";"Sugar Free";"Y";"N";"N";"";"";"A";"15"
"";"en";"428";"Chocolates";"0.00";"1090.50";"0.000";"100";"1";"0.00";"21 Aug 2019 18:52:31";"N";"";"N";"B";"N";"R";"";"exim/backup/images/almendra_cubierta_de_chocolate_semi_oscuro_-_sugar_free_f1dq-8h.jpg#{[ar]:;[de]:;[en]:;[es]:;[ja]:;}";"<h1>Nuez cubierta de Chocolate Semi Oscuro Sugar Free</h1>";"";"";"";"";"";"";"";"Sugar Free";"Y";"N";"N";"";"";"A";"33"
"";"en";"429";"Sugar Free";"0.00";"586.50";"0.000";"100";"1";"0.00";"21 Aug 2019 18:53:29";"N";"";"N";"B";"N";"R";"";"exim/backup/images/pasa_cubierta_de_chocolate_sugar_free.jpg#{[ar]:;[de]:;[en]:;[es]:;[ja]:;}";"<h1>Pasa cubierta de Chocolate Sugar Free</h1>";"";"";"";"";"";"";"";"Chocolates";"Y";"N";"N";"";"";"A";"18"
"";"en";"430";"Chocolates";"0.00";"548.10";"0.000";"100";"1";"0.00";"21 Aug 2019 18:54:16";"N";"";"N";"B";"N";"R";"";"exim/backup/images/quinoa_cubierta_de_chocolate_sugar_free.jpg#{[ar]:;[de]:;[en]:;[es]:;[ja]:;}";"<h1>Quinoa cubierta de Chocolate Sugar Free</h1>";"";"";"";"";"";"";"";"Sugar Free";"Y";"N";"N";"";"";"A";"30"
"";"en";"431";"Snacks";"0.00";"113.40";"0.000";"100";"1";"0.00";"21 Aug 2019 19:00:15";"N";"";"N";"B";"N";"R";"";"exim/backup/images/cacahuate_tostado.jpg#{[ar]:;[de]:;[en]:;[es]:;[ja]:;}";"<h1>Cacahuate Tostado</h1>";"";"";"";"";"";"";"";"Healthy Snacks";"Y";"N";"N";"";"";"A";"30"
"";"en";"433";"Snacks";"0.00";"132.30";"0.000";"100";"1";"0.00";"21 Aug 2019 19:01:01";"N";"";"N";"B";"N";"R";"";"exim/backup/images/chicharo_tostados_con_sal.jpg#{[ar]:;[de]:;[en]:;[es]:;[ja]:;}";"<h1>Chícharos Tostados con Sal</h1>";"";"";"";"";"";"";"";"Healthy Snacks";"Y";"N";"N";"";"";"A";"36"
"";"en";"434";"Snacks";"0.00";"283.50";"0.000";"100";"1";"0.00";"21 Aug 2019 19:01:48";"N";"";"N";"B";"N";"R";"";"exim/backup/images/pepita_de_calabaza_cruda_nac.jpg#{[ar]:;[de]:;[en]:;[es]:;[ja]:;}";"<h1>Pepita de Calabaza Natural</h1>";"";"";"";"";"";"";"";"Healthy Snacks";"Y";"N";"N";"";"";"A";"18"
"";"en";"435";"Confitería";"0.00";"269.10";"0.000";"100";"1";"0.00";"21 Aug 2019 19:03:44";"N";"";"N";"B";"N";"R";"";"exim/backup/images/gomitas_de_frutas_con_chile.jpg#{[ar]:;[de]:;[en]:;[es]:;[ja]:;}";"<h1>Gomitas de Frutas con Chile</h1>";"";"";"";"";"";"";"";"Snacks";"Y";"N";"N";"";"";"A";"45"
"";"en";"436";"Confitería";"0.00";"143.40";"0.000";"100";"1";"0.00";"21 Aug 2019 19:04:01";"N";"";"N";"B";"N";"R";"";"exim/backup/images/gomitas_de_naranja_en_gajos_con_chile_ku7f-q1.jpg#{[ar]:;[de]:;[en]:;[es]:;[ja]:;}";"<h1>Gomitas de Naranja en Gajos con Chile</h1>";"";"";"";"";"";"";"";"Snacks";"N";"N";"N";"";"";"A";"56"
